"month","month_number","conversion_rate"
"Jan",1,"0.00000000000000000000"
"Feb",2,"12.4661979448350460"
"Mar",3,"34.0346820809248555"
"Apr",4,"40.4413324846170168"
"May",5,"44.8078148226799745"
"Jun",6,"0.00000000000000000000"
"Jul",7,"95.4128440366972477"
"Aug",8,"98.1481481481481481"
"Sep",9,"99.1071428571428571"
"Oct",10,"28.5310163669428167"
