"month","month_number","acquisition_rate"
"Jan",1,"521000.000000000000"
"Feb",2,"369800.000000000000"
"Mar",3,"432500.000000000000"
"Apr",4,"2233.1683168316831683"
"May",5,"540.6802721088435374"
"Jun",6,"10700.0000000000000000"
"Jul",7,"10900.0000000000000000"
"Aug",8,"10800.0000000000000000"
"Sep",9,"9.8039215686274510"
"Oct",10,"591.2011173184357542"
