"previous_month","previous_month_number","current_month","current_month_number","retention_rate"
"Jan",1,"Feb",2,"70.9788867562380038"
"Feb",2,"Mar",3,"116.9551108707409410"
"Mar",3,"Apr",4,"108.9710982658959538"
"Apr",4,"May",5,"99.9151283683428814"
"May",5,"Jun",6,"2.2722446379273731"
"Jun",6,"Jul",7,"101.8691588785046729"
"Jul",7,"Aug",8,"99.0825688073394495"
"Aug",8,"Sep",9,"103.7037037037037037"
"Sep",9,"Oct",10,"4418.7500000000000000"
"Oct",10,"No Returning Customers",11,"0"
